ProductID,ProductName,Category_Clean,Price,Category,Subcategory
1,Bluetooth Speaker Portable,Electronics,15,Electronics,Audio
2,Men's Running Shoes,Office Supplies,1763,Fashion,Footwear
3,Yoga Mat Anti-Slip,Office Supplies,294,Sports & Fitness,Fitness Equipment
4,Smart LED TV 43 inch,Office Supplies,153,Electronics,TV & Entertainment
5,Men's Analog Watch,Furniture,107,Fashion,Accessories
6,Bluetooth Speaker Portable,Furniture,567,Electronics,Audio
7,Men's Analog Watch,Electronics,56,Fashion,Accessories
8,Digital Alarm Clock,Furniture,218,Home & Kitchen,Home Decor
9,Cotton T-Shirt Pack of 3,Electronics,312,Fashion,Clothing
10,Digital Alarm Clock,Electronics,727,Home & Kitchen,Home Decor
11,Office Chair Ergonomic,Electronics,516,Furniture,Office Furniture
12,Men's Analog Watch,Furniture,1080,Fashion,Accessories
13,Smartphone 128GB,Electronics,1967,Electronics,Mobiles
14,Smartphone 128GB,Electronics,811,Electronics,Mobiles
15,Yoga Mat Anti-Slip,Furniture,976,Sports & Fitness,Fitness Equipment
16,Cotton T-Shirt Pack of 3,Electronics,374,Fashion,Clothing
17,Cotton T-Shirt Pack of 3,Electronics,1436,Fashion,Clothing
18,Cotton T-Shirt Pack of 3,Electronics,1165,Fashion,Clothing
19,Stainless Steel Water Bottle,Electronics,1556,Home & Kitchen,Kitchen
20,Men's Analog Watch,Electronics,1404,Fashion,Accessories
21,Cotton T-Shirt Pack of 3,Electronics,1444,Fashion,Clothing
22,Men's Running Shoes,Electronics,1682,Fashion,Footwear
23,Smart LED TV 43 inch,Electronics,347,Electronics,TV & Entertainment
24,Gaming Mouse RGB,Electronics,749,Electronics,Accessories
25,Portable Power Bank 20000mAh,Office Supplies,1748,Electronics,Accessories
26,Laptop Backpack,Office Supplies,705,Bags,Backpacks
27,Fitness Smartwatch,Electronics,391,Electronics,Wearables
28,Men's Analog Watch,Electronics,918,Fashion,Accessories
29,Yoga Mat Anti-Slip,Furniture,865,Sports & Fitness,Fitness Equipment
30,Fitness Smartwatch,Electronics,1892,Electronics,Wearables
31,Yoga Mat Anti-Slip,Office Supplies,1181,Sports & Fitness,Fitness Equipment
32,Air Fryer 5L,Electronics,1585,Home & Kitchen,Appliances
33,Laptop Backpack,Office Supplies,37,Bags,Backpacks
34,Men's Running Shoes,Office Supplies,1341,Fashion,Footwear
35,Stainless Steel Water Bottle,Office Supplies,1683,Home & Kitchen,Kitchen
36,Women's Casual Handbag,Electronics,278,Fashion,Bags
37,Electric Kettle 1.5L,Furniture,1456,Home & Kitchen,Appliances
38,Bluetooth Speaker Portable,Office Supplies,1724,Electronics,Audio
39,Gaming Mouse RGB,Furniture,417,Electronics,Accessories
40,Digital Alarm Clock,Electronics,1620,Home & Kitchen,Home Decor
41,Wireless Bluetooth Headphones,Office Supplies,1381,Electronics,Audio
42,Digital Alarm Clock,Furniture,1566,Home & Kitchen,Home Decor
43,Smart LED TV 43 inch,Electronics,1233,Electronics,TV & Entertainment
44,Wireless Bluetooth Headphones,Office Supplies,824,Electronics,Audio
45,Cotton T-Shirt Pack of 3,Furniture,36,Fashion,Clothing
46,Men's Running Shoes,Office Supplies,401,Fashion,Footwear
47,Office Chair Ergonomic,Office Supplies,110,Furniture,Office Furniture
48,Cotton T-Shirt Pack of 3,Electronics,1573,Fashion,Clothing
49,Electric Kettle 1.5L,Office Supplies,1548,Home & Kitchen,Appliances
50,Mechanical Keyboard,Electronics,249,Electronics,Accessories
51,Cotton T-Shirt Pack of 3,Electronics,1187,Fashion,Clothing
52,Cotton T-Shirt Pack of 3,Electronics,389,Fashion,Clothing
53,Stainless Steel Water Bottle,Furniture,1792,Home & Kitchen,Kitchen
54,Mechanical Keyboard,Electronics,1520,Electronics,Accessories
55,Smart LED TV 43 inch,Furniture,270,Electronics,TV & Entertainment
56,Laptop Backpack,Electronics,1448,Bags,Backpacks
57,Laptop Backpack,Office Supplies,1035,Bags,Backpacks
58,Laptop Backpack,Office Supplies,1779,Bags,Backpacks
59,Men's Analog Watch,Electronics,1588,Fashion,Accessories
60,Portable Power Bank 20000mAh,Electronics,1783,Electronics,Accessories
61,Men's Running Shoes,Furniture,1875,Fashion,Footwear
62,Air Fryer 5L,Office Supplies,983,Home & Kitchen,Appliances
63,Cotton T-Shirt Pack of 3,Furniture,1720,Fashion,Clothing
64,Air Fryer 5L,Electronics,401,Home & Kitchen,Appliances
65,Smart LED TV 43 inch,Electronics,1449,Electronics,TV & Entertainment
66,Stainless Steel Water Bottle,Furniture,100,Home & Kitchen,Kitchen
67,Air Fryer 5L,Electronics,374,Home & Kitchen,Appliances
68,Wireless Bluetooth Headphones,Office Supplies,1031,Electronics,Audio
69,Fitness Smartwatch,Office Supplies,227,Electronics,Wearables
70,Laptop Backpack,Electronics,832,Bags,Backpacks
71,Laptop Backpack,Electronics,1896,Bags,Backpacks
72,Smart LED TV 43 inch,Office Supplies,576,Electronics,TV & Entertainment
73,Laptop Backpack,Furniture,821,Bags,Backpacks
74,Stainless Steel Water Bottle,Office Supplies,848,Home & Kitchen,Kitchen
75,Mechanical Keyboard,Furniture,1898,Electronics,Accessories
76,Electric Kettle 1.5L,Furniture,583,Home & Kitchen,Appliances
77,Digital Alarm Clock,Furniture,1851,Home & Kitchen,Home Decor
78,Wireless Bluetooth Headphones,Electronics,1263,Electronics,Audio
79,Digital Alarm Clock,Office Supplies,1059,Home & Kitchen,Home Decor
80,Electric Kettle 1.5L,Electronics,397,Home & Kitchen,Appliances
81,Men's Running Shoes,Electronics,929,Fashion,Footwear
82,Men's Analog Watch,Electronics,1539,Fashion,Accessories
83,Noise Cancelling Earbuds,Electronics,912,Electronics,Audio
84,Portable Power Bank 20000mAh,Electronics,1438,Electronics,Accessories
85,Cotton T-Shirt Pack of 3,Electronics,998,Fashion,Clothing
86,Stainless Steel Water Bottle,Electronics,210,Home & Kitchen,Kitchen
87,Digital Alarm Clock,Electronics,356,Home & Kitchen,Home Decor
88,Portable Power Bank 20000mAh,Electronics,932,Electronics,Accessories
89,Fitness Smartwatch,Electronics,1274,Electronics,Wearables
90,Smart LED TV 43 inch,Office Supplies,1230,Electronics,TV & Entertainment
91,Cotton T-Shirt Pack of 3,Electronics,1189,Fashion,Clothing
92,Office Chair Ergonomic,Electronics,675,Furniture,Office Furniture
93,Men's Running Shoes,Electronics,1364,Fashion,Footwear
94,Mechanical Keyboard,Electronics,1028,Electronics,Accessories
95,Cotton T-Shirt Pack of 3,Electronics,1958,Fashion,Clothing
96,Stainless Steel Water Bottle,Furniture,95,Home & Kitchen,Kitchen
97,Mechanical Keyboard,Electronics,234,Electronics,Accessories
98,Men's Running Shoes,Electronics,407,Fashion,Footwear
99,Laptop Backpack,Electronics,266,Bags,Backpacks
100,Smartphone 128GB,Electronics,941,Electronics,Mobiles
101,Cotton T-Shirt Pack of 3,Electronics,1179,Fashion,Clothing
102,Electric Kettle 1.5L,Furniture,231,Home & Kitchen,Appliances
103,Air Fryer 5L,Furniture,118,Home & Kitchen,Appliances
104,Gaming Mouse RGB,Electronics,543,Electronics,Accessories
105,Men's Running Shoes,Electronics,427,Fashion,Footwear
106,Stainless Steel Water Bottle,Electronics,299,Home & Kitchen,Kitchen
107,Noise Cancelling Earbuds,Office Supplies,1768,Electronics,Audio
108,Office Chair Ergonomic,Electronics,912,Furniture,Office Furniture
109,Noise Cancelling Earbuds,Electronics,947,Electronics,Audio
110,Wireless Bluetooth Headphones,Electronics,1439,Electronics,Audio
111,Electric Kettle 1.5L,Electronics,1747,Home & Kitchen,Appliances
112,Mechanical Keyboard,Electronics,1142,Electronics,Accessories
113,Fitness Smartwatch,Office Supplies,1814,Electronics,Wearables
114,Cotton T-Shirt Pack of 3,Electronics,1616,Fashion,Clothing
115,Women's Casual Handbag,Office Supplies,1909,Fashion,Bags
116,Stainless Steel Water Bottle,Electronics,1322,Home & Kitchen,Kitchen
117,Digital Alarm Clock,Electronics,446,Home & Kitchen,Home Decor
118,Cotton T-Shirt Pack of 3,Office Supplies,598,Fashion,Clothing
119,Office Chair Ergonomic,Office Supplies,305,Furniture,Office Furniture
120,Smartphone 128GB,Office Supplies,1177,Electronics,Mobiles
121,Smartphone 128GB,Electronics,1020,Electronics,Mobiles
122,Digital Alarm Clock,Office Supplies,328,Home & Kitchen,Home Decor
123,Portable Power Bank 20000mAh,Electronics,1478,Electronics,Accessories
124,Mechanical Keyboard,Electronics,1643,Electronics,Accessories
125,Digital Alarm Clock,Office Supplies,1000,Home & Kitchen,Home Decor
126,Women's Casual Handbag,Electronics,1986,Fashion,Bags
127,Men's Running Shoes,Electronics,1822,Fashion,Footwear
128,Noise Cancelling Earbuds,Electronics,554,Electronics,Audio
129,Office Chair Ergonomic,Office Supplies,74,Furniture,Office Furniture
130,Wireless Bluetooth Headphones,Electronics,484,Electronics,Audio
131,Yoga Mat Anti-Slip,Electronics,1362,Sports & Fitness,Fitness Equipment
132,Cotton T-Shirt Pack of 3,Electronics,881,Fashion,Clothing
133,Office Chair Ergonomic,Electronics,1419,Furniture,Office Furniture
134,Men's Running Shoes,Electronics,1064,Fashion,Footwear
135,Air Fryer 5L,Electronics,1479,Home & Kitchen,Appliances
136,Smart LED TV 43 inch,Furniture,946,Electronics,TV & Entertainment
137,Cotton T-Shirt Pack of 3,Electronics,1051,Fashion,Clothing
138,Laptop Backpack,Furniture,1440,Bags,Backpacks
139,Mechanical Keyboard,Electronics,961,Electronics,Accessories
140,Mechanical Keyboard,Electronics,997,Electronics,Accessories
141,Portable Power Bank 20000mAh,Furniture,108,Electronics,Accessories
142,Office Chair Ergonomic,Electronics,955,Furniture,Office Furniture
143,Noise Cancelling Earbuds,Electronics,1842,Electronics,Audio
144,Smartphone 128GB,Office Supplies,190,Electronics,Mobiles
145,Smartphone 128GB,Furniture,870,Electronics,Mobiles
146,Laptop Backpack,Electronics,871,Bags,Backpacks
147,Smart LED TV 43 inch,Office Supplies,1510,Electronics,TV & Entertainment
148,Laptop Backpack,Electronics,1782,Bags,Backpacks
149,Men's Analog Watch,Electronics,1739,Fashion,Accessories
150,Office Chair Ergonomic,Electronics,410,Furniture,Office Furniture
151,Gaming Mouse RGB,Furniture,167,Electronics,Accessories
152,Noise Cancelling Earbuds,Office Supplies,1421,Electronics,Audio
153,Air Fryer 5L,Electronics,1318,Home & Kitchen,Appliances
154,Wireless Bluetooth Headphones,Office Supplies,391,Electronics,Audio
155,Smartphone 128GB,Electronics,611,Electronics,Mobiles
156,Air Fryer 5L,Furniture,291,Home & Kitchen,Appliances
157,Office Chair Ergonomic,Electronics,1012,Furniture,Office Furniture
158,Yoga Mat Anti-Slip,Electronics,1695,Sports & Fitness,Fitness Equipment
159,Yoga Mat Anti-Slip,Electronics,1984,Sports & Fitness,Fitness Equipment
160,Gaming Mouse RGB,Electronics,1436,Electronics,Accessories
161,Laptop Backpack,Electronics,38,Bags,Backpacks
162,Smart LED TV 43 inch,Electronics,943,Electronics,TV & Entertainment
163,Noise Cancelling Earbuds,Electronics,17,Electronics,Audio
164,Fitness Smartwatch,Electronics,1105,Electronics,Wearables
165,Bluetooth Speaker Portable,Electronics,1564,Electronics,Audio
166,Mechanical Keyboard,Electronics,1174,Electronics,Accessories
167,Portable Power Bank 20000mAh,Electronics,1650,Electronics,Accessories
168,Mechanical Keyboard,Electronics,1020,Electronics,Accessories
169,Cotton T-Shirt Pack of 3,Electronics,1829,Fashion,Clothing
170,Gaming Mouse RGB,Electronics,1021,Electronics,Accessories
171,Stainless Steel Water Bottle,Electronics,453,Home & Kitchen,Kitchen
172,Yoga Mat Anti-Slip,Office Supplies,1204,Sports & Fitness,Fitness Equipment
173,Men's Analog Watch,Electronics,1161,Fashion,Accessories
174,Smartphone 128GB,Electronics,288,Electronics,Mobiles
175,Office Chair Ergonomic,Electronics,1822,Furniture,Office Furniture
176,Mechanical Keyboard,Electronics,1373,Electronics,Accessories
177,Noise Cancelling Earbuds,Furniture,244,Electronics,Audio
178,Gaming Mouse RGB,Electronics,378,Electronics,Accessories
179,Women's Casual Handbag,Furniture,187,Fashion,Bags
180,Smart LED TV 43 inch,Office Supplies,81,Electronics,TV & Entertainment
181,Women's Casual Handbag,Electronics,401,Fashion,Bags
182,Bluetooth Speaker Portable,Office Supplies,1366,Electronics,Audio
183,Bluetooth Speaker Portable,Office Supplies,880,Electronics,Audio
184,Smartphone 128GB,Electronics,903,Electronics,Mobiles
185,Noise Cancelling Earbuds,Furniture,1102,Electronics,Audio
186,Smart LED TV 43 inch,Electronics,1594,Electronics,TV & Entertainment
187,Mechanical Keyboard,Office Supplies,962,Electronics,Accessories
188,Gaming Mouse RGB,Office Supplies,380,Electronics,Accessories
189,Bluetooth Speaker Portable,Electronics,104,Electronics,Audio
190,Wireless Bluetooth Headphones,Electronics,1379,Electronics,Audio
191,Electric Kettle 1.5L,Office Supplies,1848,Home & Kitchen,Appliances
192,Stainless Steel Water Bottle,Electronics,207,Home & Kitchen,Kitchen
193,Wireless Bluetooth Headphones,Electronics,1942,Electronics,Audio
194,Noise Cancelling Earbuds,Electronics,460,Electronics,Audio
195,Mechanical Keyboard,Furniture,793,Electronics,Accessories
196,Women's Casual Handbag,Electronics,755,Fashion,Bags
197,Mechanical Keyboard,Electronics,43,Electronics,Accessories
198,Fitness Smartwatch,Electronics,1300,Electronics,Wearables
199,Cotton T-Shirt Pack of 3,Electronics,1985,Fashion,Clothing
200,Cotton T-Shirt Pack of 3,Office Supplies,151,Fashion,Clothing
201,Stainless Steel Water Bottle,Electronics,807,Home & Kitchen,Kitchen
202,Cotton T-Shirt Pack of 3,Office Supplies,1550,Fashion,Clothing
203,Men's Analog Watch,Office Supplies,1961,Fashion,Accessories
204,Stainless Steel Water Bottle,Electronics,755,Home & Kitchen,Kitchen
205,Gaming Mouse RGB,Furniture,1343,Electronics,Accessories
206,Air Fryer 5L,Electronics,1409,Home & Kitchen,Appliances
207,Portable Power Bank 20000mAh,Electronics,1610,Electronics,Accessories
208,Men's Analog Watch,Electronics,1195,Fashion,Accessories
209,Electric Kettle 1.5L,Furniture,1261,Home & Kitchen,Appliances
210,Men's Running Shoes,Office Supplies,1064,Fashion,Footwear
211,Air Fryer 5L,Office Supplies,1078,Home & Kitchen,Appliances
212,Electric Kettle 1.5L,Furniture,1409,Home & Kitchen,Appliances
213,Fitness Smartwatch,Office Supplies,1789,Electronics,Wearables
214,Laptop Backpack,Electronics,1815,Bags,Backpacks
215,Women's Casual Handbag,Furniture,1978,Fashion,Bags
216,Gaming Mouse RGB,Office Supplies,1357,Electronics,Accessories
217,Fitness Smartwatch,Electronics,949,Electronics,Wearables
218,Stainless Steel Water Bottle,Electronics,1504,Home & Kitchen,Kitchen
219,Air Fryer 5L,Electronics,1786,Home & Kitchen,Appliances
220,Smart LED TV 43 inch,Electronics,1526,Electronics,TV & Entertainment
221,Electric Kettle 1.5L,Office Supplies,377,Home & Kitchen,Appliances
222,Electric Kettle 1.5L,Furniture,1188,Home & Kitchen,Appliances
223,Portable Power Bank 20000mAh,Electronics,308,Electronics,Accessories
224,Men's Analog Watch,Electronics,749,Fashion,Accessories
225,Electric Kettle 1.5L,Electronics,783,Home & Kitchen,Appliances
226,Wireless Bluetooth Headphones,Electronics,492,Electronics,Audio
227,Mechanical Keyboard,Electronics,1991,Electronics,Accessories
228,Fitness Smartwatch,Electronics,738,Electronics,Wearables
229,Office Chair Ergonomic,Furniture,800,Furniture,Office Furniture
230,Women's Casual Handbag,Office Supplies,93,Fashion,Bags
231,Bluetooth Speaker Portable,Electronics,299,Electronics,Audio
232,Wireless Bluetooth Headphones,Office Supplies,749,Electronics,Audio
233,Noise Cancelling Earbuds,Furniture,679,Electronics,Audio
234,Portable Power Bank 20000mAh,Office Supplies,951,Electronics,Accessories
235,Office Chair Ergonomic,Office Supplies,386,Furniture,Office Furniture
236,Digital Alarm Clock,Electronics,1072,Home & Kitchen,Home Decor
237,Gaming Mouse RGB,Electronics,367,Electronics,Accessories
238,Bluetooth Speaker Portable,Electronics,186,Electronics,Audio
239,Gaming Mouse RGB,Electronics,1150,Electronics,Accessories
240,Women's Casual Handbag,Furniture,1767,Fashion,Bags
241,Bluetooth Speaker Portable,Electronics,919,Electronics,Audio
242,Women's Casual Handbag,Furniture,1858,Fashion,Bags
243,Women's Casual Handbag,Office Supplies,175,Fashion,Bags
244,Electric Kettle 1.5L,Furniture,1131,Home & Kitchen,Appliances
245,Portable Power Bank 20000mAh,Electronics,764,Electronics,Accessories
246,Men's Analog Watch,Furniture,1245,Fashion,Accessories
247,Electric Kettle 1.5L,Electronics,1384,Home & Kitchen,Appliances
248,Portable Power Bank 20000mAh,Electronics,1293,Electronics,Accessories
249,Men's Running Shoes,Furniture,1831,Fashion,Footwear
250,Stainless Steel Water Bottle,Furniture,431,Home & Kitchen,Kitchen
251,Women's Casual Handbag,Office Supplies,124,Fashion,Bags
252,Bluetooth Speaker Portable,Electronics,125,Electronics,Audio
253,Stainless Steel Water Bottle,Office Supplies,1640,Home & Kitchen,Kitchen
254,Digital Alarm Clock,Office Supplies,44,Home & Kitchen,Home Decor
255,Wireless Bluetooth Headphones,Office Supplies,1872,Electronics,Audio
256,Air Fryer 5L,Office Supplies,1847,Home & Kitchen,Appliances
257,Women's Casual Handbag,Electronics,1066,Fashion,Bags
258,Air Fryer 5L,Electronics,556,Home & Kitchen,Appliances
259,Smart LED TV 43 inch,Office Supplies,152,Electronics,TV & Entertainment
260,Gaming Mouse RGB,Electronics,1571,Electronics,Accessories
261,Cotton T-Shirt Pack of 3,Electronics,664,Fashion,Clothing
262,Yoga Mat Anti-Slip,Office Supplies,188,Sports & Fitness,Fitness Equipment
263,Electric Kettle 1.5L,Furniture,824,Home & Kitchen,Appliances
264,Electric Kettle 1.5L,Furniture,1023,Home & Kitchen,Appliances
265,Cotton T-Shirt Pack of 3,Electronics,1013,Fashion,Clothing
266,Portable Power Bank 20000mAh,Furniture,267,Electronics,Accessories
267,Smartphone 128GB,Office Supplies,1189,Electronics,Mobiles
268,Smart LED TV 43 inch,Electronics,691,Electronics,TV & Entertainment
269,Wireless Bluetooth Headphones,Electronics,1492,Electronics,Audio
270,Fitness Smartwatch,Electronics,1360,Electronics,Wearables
271,Bluetooth Speaker Portable,Electronics,184,Electronics,Audio
272,Bluetooth Speaker Portable,Electronics,1783,Electronics,Audio
273,Men's Analog Watch,Furniture,1277,Fashion,Accessories
274,Office Chair Ergonomic,Electronics,81,Furniture,Office Furniture
275,Digital Alarm Clock,Furniture,354,Home & Kitchen,Home Decor
276,Electric Kettle 1.5L,Office Supplies,718,Home & Kitchen,Appliances
277,Men's Running Shoes,Electronics,583,Fashion,Footwear
278,Men's Analog Watch,Electronics,979,Fashion,Accessories
279,Electric Kettle 1.5L,Electronics,1528,Home & Kitchen,Appliances
280,Men's Running Shoes,Electronics,726,Fashion,Footwear
281,Digital Alarm Clock,Electronics,1044,Home & Kitchen,Home Decor
282,Smartphone 128GB,Electronics,1483,Electronics,Mobiles
283,Wireless Bluetooth Headphones,Electronics,1725,Electronics,Audio
284,Smart LED TV 43 inch,Electronics,218,Electronics,TV & Entertainment
285,Digital Alarm Clock,Office Supplies,236,Home & Kitchen,Home Decor
286,Stainless Steel Water Bottle,Furniture,1826,Home & Kitchen,Kitchen
287,Mechanical Keyboard,Office Supplies,606,Electronics,Accessories
288,Women's Casual Handbag,Electronics,1689,Fashion,Bags
289,Electric Kettle 1.5L,Electronics,81,Home & Kitchen,Appliances
290,Mechanical Keyboard,Electronics,1573,Electronics,Accessories
291,Fitness Smartwatch,Electronics,403,Electronics,Wearables
292,Gaming Mouse RGB,Office Supplies,1261,Electronics,Accessories
293,Smartphone 128GB,Office Supplies,851,Electronics,Mobiles
294,Bluetooth Speaker Portable,Electronics,1315,Electronics,Audio
295,Cotton T-Shirt Pack of 3,Electronics,1076,Fashion,Clothing
296,Men's Analog Watch,Electronics,39,Fashion,Accessories
297,Smart LED TV 43 inch,Office Supplies,18,Electronics,TV & Entertainment
298,Portable Power Bank 20000mAh,Furniture,1702,Electronics,Accessories
299,Men's Analog Watch,Electronics,807,Fashion,Accessories
300,Gaming Mouse RGB,Electronics,1824,Electronics,Accessories
301,Fitness Smartwatch,Office Supplies,1242,Electronics,Wearables
302,Bluetooth Speaker Portable,Office Supplies,1308,Electronics,Audio
303,Electric Kettle 1.5L,Electronics,915,Home & Kitchen,Appliances
304,Yoga Mat Anti-Slip,Electronics,985,Sports & Fitness,Fitness Equipment
305,Portable Power Bank 20000mAh,Furniture,1042,Electronics,Accessories
306,Fitness Smartwatch,Furniture,336,Electronics,Wearables
307,Wireless Bluetooth Headphones,Furniture,760,Electronics,Audio
308,Noise Cancelling Earbuds,Office Supplies,1410,Electronics,Audio
309,Air Fryer 5L,Electronics,928,Home & Kitchen,Appliances
310,Air Fryer 5L,Electronics,1474,Home & Kitchen,Appliances
311,Office Chair Ergonomic,Electronics,1851,Furniture,Office Furniture
312,Stainless Steel Water Bottle,Office Supplies,1212,Home & Kitchen,Kitchen
313,Women's Casual Handbag,Office Supplies,710,Fashion,Bags
314,Fitness Smartwatch,Electronics,413,Electronics,Wearables
315,Men's Analog Watch,Office Supplies,541,Fashion,Accessories
316,Men's Analog Watch,Furniture,606,Fashion,Accessories
317,Men's Analog Watch,Electronics,259,Fashion,Accessories
318,Wireless Bluetooth Headphones,Furniture,807,Electronics,Audio
319,Men's Running Shoes,Electronics,921,Fashion,Footwear
320,Bluetooth Speaker Portable,Electronics,431,Electronics,Audio
321,Women's Casual Handbag,Electronics,745,Fashion,Bags
322,Gaming Mouse RGB,Office Supplies,1987,Electronics,Accessories
323,Cotton T-Shirt Pack of 3,Furniture,1620,Fashion,Clothing
324,Electric Kettle 1.5L,Office Supplies,1532,Home & Kitchen,Appliances
325,Women's Casual Handbag,Furniture,1776,Fashion,Bags
326,Gaming Mouse RGB,Office Supplies,1835,Electronics,Accessories
327,Office Chair Ergonomic,Electronics,765,Furniture,Office Furniture
328,Gaming Mouse RGB,Electronics,1264,Electronics,Accessories
329,Stainless Steel Water Bottle,Furniture,375,Home & Kitchen,Kitchen
330,Digital Alarm Clock,Electronics,1551,Home & Kitchen,Home Decor
331,Gaming Mouse RGB,Office Supplies,62,Electronics,Accessories
332,Gaming Mouse RGB,Electronics,502,Electronics,Accessories
333,Men's Running Shoes,Electronics,199,Fashion,Footwear
334,Noise Cancelling Earbuds,Electronics,756,Electronics,Audio
335,Gaming Mouse RGB,Electronics,964,Electronics,Accessories
336,Cotton T-Shirt Pack of 3,Electronics,189,Fashion,Clothing
337,Women's Casual Handbag,Electronics,21,Fashion,Bags
338,Women's Casual Handbag,Electronics,191,Fashion,Bags
339,Office Chair Ergonomic,Furniture,295,Furniture,Office Furniture
340,Smartphone 128GB,Electronics,1671,Electronics,Mobiles
341,Men's Analog Watch,Furniture,1940,Fashion,Accessories
342,Wireless Bluetooth Headphones,Office Supplies,1198,Electronics,Audio
343,Men's Running Shoes,Office Supplies,1683,Fashion,Footwear
344,Men's Running Shoes,Office Supplies,1802,Fashion,Footwear
345,Digital Alarm Clock,Electronics,1879,Home & Kitchen,Home Decor
346,Stainless Steel Water Bottle,Office Supplies,1945,Home & Kitchen,Kitchen
347,Mechanical Keyboard,Electronics,1098,Electronics,Accessories
348,Bluetooth Speaker Portable,Electronics,1788,Electronics,Audio
349,Men's Analog Watch,Office Supplies,1786,Fashion,Accessories
350,Yoga Mat Anti-Slip,Office Supplies,357,Sports & Fitness,Fitness Equipment
351,Noise Cancelling Earbuds,Electronics,1100,Electronics,Audio
352,Women's Casual Handbag,Electronics,1405,Fashion,Bags
353,Portable Power Bank 20000mAh,Electronics,1409,Electronics,Accessories
354,Yoga Mat Anti-Slip,Furniture,81,Sports & Fitness,Fitness Equipment
355,Electric Kettle 1.5L,Electronics,1702,Home & Kitchen,Appliances
356,Smart LED TV 43 inch,Electronics,741,Electronics,TV & Entertainment
357,Electric Kettle 1.5L,Electronics,1823,Home & Kitchen,Appliances
358,Portable Power Bank 20000mAh,Electronics,1751,Electronics,Accessories
359,Smart LED TV 43 inch,Furniture,129,Electronics,TV & Entertainment
360,Portable Power Bank 20000mAh,Office Supplies,1829,Electronics,Accessories
361,Portable Power Bank 20000mAh,Electronics,1264,Electronics,Accessories
362,Electric Kettle 1.5L,Office Supplies,841,Home & Kitchen,Appliances
363,Men's Running Shoes,Furniture,1163,Fashion,Footwear
364,Smartphone 128GB,Furniture,1244,Electronics,Mobiles
365,Portable Power Bank 20000mAh,Electronics,514,Electronics,Accessories
366,Office Chair Ergonomic,Furniture,658,Furniture,Office Furniture
367,Gaming Mouse RGB,Furniture,1352,Electronics,Accessories
368,Women's Casual Handbag,Electronics,158,Fashion,Bags
369,Electric Kettle 1.5L,Office Supplies,1410,Home & Kitchen,Appliances
370,Fitness Smartwatch,Electronics,1504,Electronics,Wearables
371,Men's Analog Watch,Electronics,1618,Fashion,Accessories
372,Men's Running Shoes,Office Supplies,1143,Fashion,Footwear
373,Portable Power Bank 20000mAh,Electronics,1088,Electronics,Accessories
374,Fitness Smartwatch,Office Supplies,1834,Electronics,Wearables
375,Air Fryer 5L,Electronics,1602,Home & Kitchen,Appliances
376,Wireless Bluetooth Headphones,Furniture,1136,Electronics,Audio
377,Stainless Steel Water Bottle,Electronics,1110,Home & Kitchen,Kitchen
378,Smartphone 128GB,Electronics,277,Electronics,Mobiles
379,Men's Running Shoes,Electronics,1022,Fashion,Footwear
380,Air Fryer 5L,Office Supplies,355,Home & Kitchen,Appliances
381,Fitness Smartwatch,Electronics,381,Electronics,Wearables
382,Bluetooth Speaker Portable,Electronics,1041,Electronics,Audio
383,Office Chair Ergonomic,Office Supplies,861,Furniture,Office Furniture
384,Mechanical Keyboard,Electronics,1242,Electronics,Accessories
385,Fitness Smartwatch,Furniture,1524,Electronics,Wearables
386,Bluetooth Speaker Portable,Office Supplies,1974,Electronics,Audio
387,Smart LED TV 43 inch,Office Supplies,1684,Electronics,TV & Entertainment
388,Electric Kettle 1.5L,Electronics,1281,Home & Kitchen,Appliances
389,Wireless Bluetooth Headphones,Office Supplies,1434,Electronics,Audio
390,Smartphone 128GB,Electronics,1972,Electronics,Mobiles
391,Yoga Mat Anti-Slip,Electronics,1925,Sports & Fitness,Fitness Equipment
392,Wireless Bluetooth Headphones,Electronics,1064,Electronics,Audio
393,Air Fryer 5L,Electronics,1240,Home & Kitchen,Appliances
394,Office Chair Ergonomic,Furniture,401,Furniture,Office Furniture
395,Men's Running Shoes,Office Supplies,1143,Fashion,Footwear
396,Office Chair Ergonomic,Office Supplies,1217,Furniture,Office Furniture
397,Men's Analog Watch,Electronics,393,Fashion,Accessories
398,Office Chair Ergonomic,Electronics,1102,Furniture,Office Furniture
399,Wireless Bluetooth Headphones,Furniture,1199,Electronics,Audio
400,Mechanical Keyboard,Electronics,1272,Electronics,Accessories
401,Men's Running Shoes,Furniture,541,Fashion,Footwear
402,Stainless Steel Water Bottle,Furniture,990,Home & Kitchen,Kitchen
403,Men's Analog Watch,Electronics,353,Fashion,Accessories
404,Yoga Mat Anti-Slip,Office Supplies,328,Sports & Fitness,Fitness Equipment
405,Smartphone 128GB,Office Supplies,1263,Electronics,Mobiles
406,Gaming Mouse RGB,Furniture,1643,Electronics,Accessories
407,Mechanical Keyboard,Electronics,1212,Electronics,Accessories
408,Electric Kettle 1.5L,Furniture,1976,Home & Kitchen,Appliances
409,Laptop Backpack,Electronics,1518,Bags,Backpacks
410,Women's Casual Handbag,Office Supplies,703,Fashion,Bags
411,Digital Alarm Clock,Electronics,811,Home & Kitchen,Home Decor
412,Digital Alarm Clock,Electronics,1721,Home & Kitchen,Home Decor
413,Men's Running Shoes,Electronics,444,Fashion,Footwear
414,Smart LED TV 43 inch,Furniture,1902,Electronics,TV & Entertainment
415,Office Chair Ergonomic,Office Supplies,1329,Furniture,Office Furniture
416,Cotton T-Shirt Pack of 3,Office Supplies,311,Fashion,Clothing
417,Electric Kettle 1.5L,Furniture,1414,Home & Kitchen,Appliances
418,Wireless Bluetooth Headphones,Furniture,1465,Electronics,Audio
419,Fitness Smartwatch,Furniture,1351,Electronics,Wearables
420,Office Chair Ergonomic,Electronics,936,Furniture,Office Furniture
421,Gaming Mouse RGB,Furniture,832,Electronics,Accessories
422,Smart LED TV 43 inch,Furniture,470,Electronics,TV & Entertainment
423,Air Fryer 5L,Electronics,386,Home & Kitchen,Appliances
424,Laptop Backpack,Electronics,1031,Bags,Backpacks
425,Office Chair Ergonomic,Office Supplies,1500,Furniture,Office Furniture
426,Wireless Bluetooth Headphones,Office Supplies,1970,Electronics,Audio
427,Wireless Bluetooth Headphones,Electronics,402,Electronics,Audio
428,Gaming Mouse RGB,Electronics,1119,Electronics,Accessories
429,Yoga Mat Anti-Slip,Electronics,317,Sports & Fitness,Fitness Equipment
430,Digital Alarm Clock,Office Supplies,642,Home & Kitchen,Home Decor
431,Air Fryer 5L,Electronics,1798,Home & Kitchen,Appliances
432,Air Fryer 5L,Office Supplies,88,Home & Kitchen,Appliances
433,Laptop Backpack,Furniture,1706,Bags,Backpacks
434,Smartphone 128GB,Electronics,1806,Electronics,Mobiles
435,Noise Cancelling Earbuds,Electronics,991,Electronics,Audio
436,Men's Running Shoes,Office Supplies,596,Fashion,Footwear
437,Gaming Mouse RGB,Electronics,685,Electronics,Accessories
438,Mechanical Keyboard,Furniture,1552,Electronics,Accessories
439,Office Chair Ergonomic,Furniture,1487,Furniture,Office Furniture
440,Gaming Mouse RGB,Electronics,553,Electronics,Accessories
441,Gaming Mouse RGB,Office Supplies,70,Electronics,Accessories
442,Electric Kettle 1.5L,Office Supplies,1047,Home & Kitchen,Appliances
443,Electric Kettle 1.5L,Office Supplies,791,Home & Kitchen,Appliances
444,Noise Cancelling Earbuds,Office Supplies,1485,Electronics,Audio
445,Gaming Mouse RGB,Furniture,1041,Electronics,Accessories
446,Mechanical Keyboard,Electronics,1242,Electronics,Accessories
447,Portable Power Bank 20000mAh,Electronics,95,Electronics,Accessories
448,Men's Analog Watch,Furniture,969,Fashion,Accessories
449,Bluetooth Speaker Portable,Office Supplies,887,Electronics,Audio
450,Cotton T-Shirt Pack of 3,Electronics,1906,Fashion,Clothing
451,Office Chair Ergonomic,Office Supplies,1234,Furniture,Office Furniture
452,Men's Analog Watch,Electronics,1632,Fashion,Accessories
453,Mechanical Keyboard,Electronics,1994,Electronics,Accessories
454,Stainless Steel Water Bottle,Electronics,153,Home & Kitchen,Kitchen
455,Stainless Steel Water Bottle,Electronics,1981,Home & Kitchen,Kitchen
456,Men's Running Shoes,Electronics,1396,Fashion,Footwear
457,Office Chair Ergonomic,Electronics,1982,Furniture,Office Furniture
458,Smartphone 128GB,Furniture,1907,Electronics,Mobiles
459,Bluetooth Speaker Portable,Electronics,1929,Electronics,Audio
460,Gaming Mouse RGB,Electronics,781,Electronics,Accessories
461,Women's Casual Handbag,Office Supplies,298,Fashion,Bags
462,Digital Alarm Clock,Electronics,1059,Home & Kitchen,Home Decor
463,Smart LED TV 43 inch,Electronics,1946,Electronics,TV & Entertainment
464,Electric Kettle 1.5L,Furniture,639,Home & Kitchen,Appliances
465,Cotton T-Shirt Pack of 3,Furniture,537,Fashion,Clothing
466,Yoga Mat Anti-Slip,Electronics,627,Sports & Fitness,Fitness Equipment
467,Gaming Mouse RGB,Office Supplies,1417,Electronics,Accessories
468,Fitness Smartwatch,Office Supplies,542,Electronics,Wearables
469,Wireless Bluetooth Headphones,Furniture,709,Electronics,Audio
470,Bluetooth Speaker Portable,Furniture,67,Electronics,Audio
471,Electric Kettle 1.5L,Electronics,629,Home & Kitchen,Appliances
472,Fitness Smartwatch,Electronics,328,Electronics,Wearables
473,Gaming Mouse RGB,Electronics,1754,Electronics,Accessories
474,Office Chair Ergonomic,Furniture,1210,Furniture,Office Furniture
475,Fitness Smartwatch,Electronics,332,Electronics,Wearables
476,Digital Alarm Clock,Electronics,1914,Home & Kitchen,Home Decor
477,Men's Running Shoes,Office Supplies,986,Fashion,Footwear
478,Gaming Mouse RGB,Office Supplies,439,Electronics,Accessories
479,Men's Running Shoes,Electronics,683,Fashion,Footwear
480,Noise Cancelling Earbuds,Office Supplies,901,Electronics,Audio
481,Stainless Steel Water Bottle,Office Supplies,433,Home & Kitchen,Kitchen
482,Women's Casual Handbag,Electronics,1521,Fashion,Bags
483,Cotton T-Shirt Pack of 3,Electronics,483,Fashion,Clothing
484,Smartphone 128GB,Electronics,1593,Electronics,Mobiles
485,Yoga Mat Anti-Slip,Electronics,316,Sports & Fitness,Fitness Equipment
486,Air Fryer 5L,Electronics,311,Home & Kitchen,Appliances
487,Women's Casual Handbag,Furniture,737,Fashion,Bags
488,Men's Running Shoes,Furniture,377,Fashion,Footwear
489,Yoga Mat Anti-Slip,Furniture,770,Sports & Fitness,Fitness Equipment
490,Gaming Mouse RGB,Electronics,218,Electronics,Accessories
491,Portable Power Bank 20000mAh,Furniture,1660,Electronics,Accessories
492,Portable Power Bank 20000mAh,Electronics,99,Electronics,Accessories
493,Mechanical Keyboard,Furniture,383,Electronics,Accessories
494,Cotton T-Shirt Pack of 3,Office Supplies,1751,Fashion,Clothing
495,Men's Running Shoes,Office Supplies,1418,Fashion,Footwear
496,Office Chair Ergonomic,Office Supplies,997,Furniture,Office Furniture
497,Women's Casual Handbag,Electronics,98,Fashion,Bags
498,Digital Alarm Clock,Office Supplies,1097,Home & Kitchen,Home Decor
499,Yoga Mat Anti-Slip,Electronics,556,Sports & Fitness,Fitness Equipment
500,Wireless Bluetooth Headphones,Office Supplies,1815,Electronics,Audio
501,Men's Analog Watch,Furniture,585,Fashion,Accessories
502,Yoga Mat Anti-Slip,Furniture,934,Sports & Fitness,Fitness Equipment
503,Stainless Steel Water Bottle,Office Supplies,1783,Home & Kitchen,Kitchen
504,Men's Analog Watch,Furniture,606,Fashion,Accessories
505,Fitness Smartwatch,Electronics,1402,Electronics,Wearables
506,Laptop Backpack,Office Supplies,837,Bags,Backpacks
507,Fitness Smartwatch,Electronics,1316,Electronics,Wearables
508,Yoga Mat Anti-Slip,Electronics,1803,Sports & Fitness,Fitness Equipment
509,Office Chair Ergonomic,Furniture,1434,Furniture,Office Furniture
510,Mechanical Keyboard,Furniture,671,Electronics,Accessories
511,Wireless Bluetooth Headphones,Electronics,1243,Electronics,Audio
512,Stainless Steel Water Bottle,Electronics,1958,Home & Kitchen,Kitchen
513,Cotton T-Shirt Pack of 3,Electronics,469,Fashion,Clothing
514,Mechanical Keyboard,Electronics,1446,Electronics,Accessories
515,Digital Alarm Clock,Furniture,1028,Home & Kitchen,Home Decor
516,Bluetooth Speaker Portable,Electronics,513,Electronics,Audio
517,Cotton T-Shirt Pack of 3,Office Supplies,55,Fashion,Clothing
518,Noise Cancelling Earbuds,Electronics,1088,Electronics,Audio
519,Digital Alarm Clock,Furniture,1131,Home & Kitchen,Home Decor
520,Fitness Smartwatch,Furniture,549,Electronics,Wearables
521,Smart LED TV 43 inch,Electronics,419,Electronics,TV & Entertainment
522,Digital Alarm Clock,Furniture,123,Home & Kitchen,Home Decor
523,Men's Running Shoes,Electronics,836,Fashion,Footwear
524,Smart LED TV 43 inch,Office Supplies,363,Electronics,TV & Entertainment
525,Fitness Smartwatch,Electronics,1287,Electronics,Wearables
526,Portable Power Bank 20000mAh,Electronics,234,Electronics,Accessories
527,Fitness Smartwatch,Electronics,635,Electronics,Wearables
528,Gaming Mouse RGB,Electronics,1105,Electronics,Accessories
529,Digital Alarm Clock,Electronics,1922,Home & Kitchen,Home Decor
530,Fitness Smartwatch,Electronics,293,Electronics,Wearables
531,Noise Cancelling Earbuds,Furniture,956,Electronics,Audio
532,Women's Casual Handbag,Office Supplies,1772,Fashion,Bags
533,Smartphone 128GB,Electronics,1454,Electronics,Mobiles
534,Smart LED TV 43 inch,Electronics,189,Electronics,TV & Entertainment
535,Women's Casual Handbag,Electronics,1099,Fashion,Bags
536,Gaming Mouse RGB,Electronics,1089,Electronics,Accessories
537,Stainless Steel Water Bottle,Electronics,1946,Home & Kitchen,Kitchen
538,Men's Analog Watch,Office Supplies,912,Fashion,Accessories
539,Electric Kettle 1.5L,Furniture,906,Home & Kitchen,Appliances
540,Stainless Steel Water Bottle,Electronics,1836,Home & Kitchen,Kitchen
541,Gaming Mouse RGB,Furniture,1344,Electronics,Accessories
542,Men's Analog Watch,Furniture,302,Fashion,Accessories
543,Bluetooth Speaker Portable,Electronics,1865,Electronics,Audio
544,Men's Running Shoes,Office Supplies,122,Fashion,Footwear
545,Air Fryer 5L,Furniture,277,Home & Kitchen,Appliances
546,Office Chair Ergonomic,Electronics,444,Furniture,Office Furniture
547,Office Chair Ergonomic,Office Supplies,841,Furniture,Office Furniture
548,Stainless Steel Water Bottle,Electronics,1016,Home & Kitchen,Kitchen
549,Men's Running Shoes,Electronics,248,Fashion,Footwear
550,Smart LED TV 43 inch,Electronics,1129,Electronics,TV & Entertainment
551,Cotton T-Shirt Pack of 3,Electronics,323,Fashion,Clothing
552,Electric Kettle 1.5L,Electronics,1962,Home & Kitchen,Appliances
553,Electric Kettle 1.5L,Office Supplies,890,Home & Kitchen,Appliances
554,Gaming Mouse RGB,Furniture,253,Electronics,Accessories
555,Mechanical Keyboard,Furniture,52,Electronics,Accessories
556,Electric Kettle 1.5L,Electronics,1735,Home & Kitchen,Appliances
557,Yoga Mat Anti-Slip,Electronics,247,Sports & Fitness,Fitness Equipment
558,Stainless Steel Water Bottle,Office Supplies,454,Home & Kitchen,Kitchen
559,Yoga Mat Anti-Slip,Electronics,1331,Sports & Fitness,Fitness Equipment
560,Men's Running Shoes,Office Supplies,1481,Fashion,Footwear
561,Portable Power Bank 20000mAh,Office Supplies,946,Electronics,Accessories
562,Men's Analog Watch,Electronics,1425,Fashion,Accessories
563,Wireless Bluetooth Headphones,Office Supplies,1109,Electronics,Audio
564,Gaming Mouse RGB,Furniture,413,Electronics,Accessories
565,Gaming Mouse RGB,Electronics,627,Electronics,Accessories
566,Laptop Backpack,Office Supplies,313,Bags,Backpacks
567,Women's Casual Handbag,Electronics,1304,Fashion,Bags
568,Yoga Mat Anti-Slip,Electronics,741,Sports & Fitness,Fitness Equipment
569,Office Chair Ergonomic,Office Supplies,632,Furniture,Office Furniture
570,Digital Alarm Clock,Electronics,1668,Home & Kitchen,Home Decor
571,Mechanical Keyboard,Electronics,361,Electronics,Accessories
572,Laptop Backpack,Office Supplies,911,Bags,Backpacks
573,Cotton T-Shirt Pack of 3,Electronics,867,Fashion,Clothing
574,Stainless Steel Water Bottle,Electronics,382,Home & Kitchen,Kitchen
575,Smartphone 128GB,Furniture,1782,Electronics,Mobiles
576,Mechanical Keyboard,Office Supplies,1061,Electronics,Accessories
577,Stainless Steel Water Bottle,Electronics,1153,Home & Kitchen,Kitchen
578,Women's Casual Handbag,Office Supplies,547,Fashion,Bags
579,Portable Power Bank 20000mAh,Electronics,278,Electronics,Accessories
580,Electric Kettle 1.5L,Furniture,805,Home & Kitchen,Appliances
581,Portable Power Bank 20000mAh,Furniture,215,Electronics,Accessories
582,Office Chair Ergonomic,Electronics,1652,Furniture,Office Furniture
583,Smartphone 128GB,Office Supplies,1479,Electronics,Mobiles
584,Yoga Mat Anti-Slip,Electronics,317,Sports & Fitness,Fitness Equipment
585,Gaming Mouse RGB,Furniture,78,Electronics,Accessories
586,Men's Running Shoes,Furniture,1497,Fashion,Footwear
587,Fitness Smartwatch,Office Supplies,1132,Electronics,Wearables
588,Cotton T-Shirt Pack of 3,Furniture,1779,Fashion,Clothing
589,Cotton T-Shirt Pack of 3,Electronics,1508,Fashion,Clothing
590,Bluetooth Speaker Portable,Office Supplies,1844,Electronics,Audio
591,Air Fryer 5L,Office Supplies,1538,Home & Kitchen,Appliances
592,Office Chair Ergonomic,Furniture,410,Furniture,Office Furniture
593,Mechanical Keyboard,Electronics,1836,Electronics,Accessories
594,Bluetooth Speaker Portable,Furniture,404,Electronics,Audio
595,Men's Running Shoes,Furniture,243,Fashion,Footwear
596,Cotton T-Shirt Pack of 3,Electronics,281,Fashion,Clothing
597,Air Fryer 5L,Furniture,1484,Home & Kitchen,Appliances
598,Office Chair Ergonomic,Furniture,1021,Furniture,Office Furniture
599,Smart LED TV 43 inch,Electronics,1647,Electronics,TV & Entertainment
600,Yoga Mat Anti-Slip,Office Supplies,375,Sports & Fitness,Fitness Equipment
601,Mechanical Keyboard,Electronics,727,Electronics,Accessories
602,Men's Analog Watch,Electronics,1443,Fashion,Accessories
603,Fitness Smartwatch,Electronics,396,Electronics,Wearables
604,Gaming Mouse RGB,Electronics,394,Electronics,Accessories
605,Yoga Mat Anti-Slip,Electronics,515,Sports & Fitness,Fitness Equipment
606,Noise Cancelling Earbuds,Electronics,1824,Electronics,Audio
607,Air Fryer 5L,Office Supplies,333,Home & Kitchen,Appliances
608,Yoga Mat Anti-Slip,Office Supplies,262,Sports & Fitness,Fitness Equipment
609,Women's Casual Handbag,Furniture,1508,Fashion,Bags
610,Office Chair Ergonomic,Electronics,301,Furniture,Office Furniture
611,Noise Cancelling Earbuds,Electronics,1524,Electronics,Audio
612,Noise Cancelling Earbuds,Furniture,1210,Electronics,Audio
613,Electric Kettle 1.5L,Electronics,602,Home & Kitchen,Appliances
614,Digital Alarm Clock,Electronics,1901,Home & Kitchen,Home Decor
615,Gaming Mouse RGB,Furniture,83,Electronics,Accessories
616,Fitness Smartwatch,Electronics,276,Electronics,Wearables
617,Noise Cancelling Earbuds,Office Supplies,1192,Electronics,Audio
618,Wireless Bluetooth Headphones,Furniture,1640,Electronics,Audio
619,Fitness Smartwatch,Electronics,1509,Electronics,Wearables
620,Bluetooth Speaker Portable,Office Supplies,380,Electronics,Audio
621,Digital Alarm Clock,Electronics,627,Home & Kitchen,Home Decor
622,Bluetooth Speaker Portable,Office Supplies,501,Electronics,Audio
623,Women's Casual Handbag,Office Supplies,1862,Fashion,Bags
624,Men's Running Shoes,Furniture,298,Fashion,Footwear
625,Office Chair Ergonomic,Electronics,197,Furniture,Office Furniture
626,Air Fryer 5L,Electronics,574,Home & Kitchen,Appliances
627,Stainless Steel Water Bottle,Electronics,536,Home & Kitchen,Kitchen
628,Portable Power Bank 20000mAh,Office Supplies,30,Electronics,Accessories
629,Men's Running Shoes,Electronics,1982,Fashion,Footwear
630,Gaming Mouse RGB,Office Supplies,457,Electronics,Accessories
631,Fitness Smartwatch,Electronics,1258,Electronics,Wearables
632,Air Fryer 5L,Electronics,393,Home & Kitchen,Appliances
633,Bluetooth Speaker Portable,Electronics,421,Electronics,Audio
634,Bluetooth Speaker Portable,Office Supplies,1355,Electronics,Audio
635,Smart LED TV 43 inch,Office Supplies,1401,Electronics,TV & Entertainment
636,Fitness Smartwatch,Furniture,54,Electronics,Wearables
637,Laptop Backpack,Office Supplies,839,Bags,Backpacks
638,Smart LED TV 43 inch,Office Supplies,891,Electronics,TV & Entertainment
639,Air Fryer 5L,Office Supplies,521,Home & Kitchen,Appliances
640,Men's Running Shoes,Office Supplies,903,Fashion,Footwear
641,Cotton T-Shirt Pack of 3,Electronics,1175,Fashion,Clothing
642,Bluetooth Speaker Portable,Electronics,578,Electronics,Audio
643,Mechanical Keyboard,Furniture,78,Electronics,Accessories
644,Mechanical Keyboard,Furniture,1899,Electronics,Accessories
645,Fitness Smartwatch,Electronics,246,Electronics,Wearables
646,Stainless Steel Water Bottle,Furniture,968,Home & Kitchen,Kitchen
647,Cotton T-Shirt Pack of 3,Electronics,1010,Fashion,Clothing
648,Women's Casual Handbag,Electronics,1877,Fashion,Bags
649,Office Chair Ergonomic,Electronics,557,Furniture,Office Furniture
650,Air Fryer 5L,Electronics,929,Home & Kitchen,Appliances
651,Fitness Smartwatch,Electronics,1200,Electronics,Wearables
652,Mechanical Keyboard,Office Supplies,1293,Electronics,Accessories
653,Portable Power Bank 20000mAh,Office Supplies,895,Electronics,Accessories
654,Men's Analog Watch,Electronics,729,Fashion,Accessories
655,Electric Kettle 1.5L,Furniture,1496,Home & Kitchen,Appliances
656,Stainless Steel Water Bottle,Electronics,1902,Home & Kitchen,Kitchen
657,Portable Power Bank 20000mAh,Office Supplies,737,Electronics,Accessories
658,Electric Kettle 1.5L,Electronics,1217,Home & Kitchen,Appliances
659,Air Fryer 5L,Office Supplies,922,Home & Kitchen,Appliances
660,Digital Alarm Clock,Furniture,843,Home & Kitchen,Home Decor
661,Men's Analog Watch,Office Supplies,451,Fashion,Accessories
662,Electric Kettle 1.5L,Office Supplies,935,Home & Kitchen,Appliances
663,Air Fryer 5L,Electronics,618,Home & Kitchen,Appliances
664,Cotton T-Shirt Pack of 3,Electronics,1846,Fashion,Clothing
665,Office Chair Ergonomic,Electronics,1186,Furniture,Office Furniture
666,Air Fryer 5L,Electronics,256,Home & Kitchen,Appliances
667,Cotton T-Shirt Pack of 3,Electronics,1651,Fashion,Clothing
668,Bluetooth Speaker Portable,Electronics,730,Electronics,Audio
669,Women's Casual Handbag,Office Supplies,1251,Fashion,Bags
670,Fitness Smartwatch,Electronics,159,Electronics,Wearables
671,Laptop Backpack,Electronics,1091,Bags,Backpacks
672,Smart LED TV 43 inch,Furniture,633,Electronics,TV & Entertainment
673,Bluetooth Speaker Portable,Furniture,1800,Electronics,Audio
674,Cotton T-Shirt Pack of 3,Furniture,1893,Fashion,Clothing
675,Portable Power Bank 20000mAh,Electronics,549,Electronics,Accessories
676,Bluetooth Speaker Portable,Electronics,813,Electronics,Audio
677,Air Fryer 5L,Office Supplies,209,Home & Kitchen,Appliances
678,Smartphone 128GB,Electronics,712,Electronics,Mobiles
679,Air Fryer 5L,Electronics,1709,Home & Kitchen,Appliances
680,Noise Cancelling Earbuds,Electronics,1549,Electronics,Audio
681,Noise Cancelling Earbuds,Electronics,1898,Electronics,Audio
682,Air Fryer 5L,Furniture,729,Home & Kitchen,Appliances
683,Air Fryer 5L,Electronics,111,Home & Kitchen,Appliances
684,Wireless Bluetooth Headphones,Office Supplies,966,Electronics,Audio
685,Air Fryer 5L,Furniture,655,Home & Kitchen,Appliances
686,Women's Casual Handbag,Electronics,672,Fashion,Bags
687,Noise Cancelling Earbuds,Electronics,695,Electronics,Audio
688,Stainless Steel Water Bottle,Electronics,1641,Home & Kitchen,Kitchen
689,Men's Running Shoes,Furniture,1580,Fashion,Footwear
690,Smartphone 128GB,Office Supplies,612,Electronics,Mobiles
691,Gaming Mouse RGB,Electronics,935,Electronics,Accessories
692,Portable Power Bank 20000mAh,Furniture,1711,Electronics,Accessories
693,Portable Power Bank 20000mAh,Furniture,1330,Electronics,Accessories
694,Noise Cancelling Earbuds,Office Supplies,734,Electronics,Audio
695,Gaming Mouse RGB,Office Supplies,850,Electronics,Accessories
696,Air Fryer 5L,Electronics,158,Home & Kitchen,Appliances
697,Electric Kettle 1.5L,Furniture,896,Home & Kitchen,Appliances
698,Gaming Mouse RGB,Office Supplies,460,Electronics,Accessories
699,Fitness Smartwatch,Furniture,1211,Electronics,Wearables
700,Digital Alarm Clock,Office Supplies,1980,Home & Kitchen,Home Decor
701,Digital Alarm Clock,Office Supplies,1865,Home & Kitchen,Home Decor
702,Stainless Steel Water Bottle,Electronics,701,Home & Kitchen,Kitchen
703,Gaming Mouse RGB,Office Supplies,1479,Electronics,Accessories
704,Stainless Steel Water Bottle,Electronics,1082,Home & Kitchen,Kitchen
705,Gaming Mouse RGB,Electronics,821,Electronics,Accessories
706,Electric Kettle 1.5L,Office Supplies,1738,Home & Kitchen,Appliances
707,Men's Analog Watch,Electronics,607,Fashion,Accessories
708,Smartphone 128GB,Office Supplies,931,Electronics,Mobiles
709,Smartphone 128GB,Office Supplies,754,Electronics,Mobiles
710,Bluetooth Speaker Portable,Electronics,1525,Electronics,Audio
711,Yoga Mat Anti-Slip,Furniture,154,Sports & Fitness,Fitness Equipment
712,Laptop Backpack,Office Supplies,1685,Bags,Backpacks
713,Smartphone 128GB,Furniture,248,Electronics,Mobiles
714,Yoga Mat Anti-Slip,Electronics,1503,Sports & Fitness,Fitness Equipment
715,Men's Analog Watch,Office Supplies,413,Fashion,Accessories
716,Bluetooth Speaker Portable,Electronics,853,Electronics,Audio
717,Digital Alarm Clock,Office Supplies,23,Home & Kitchen,Home Decor
718,Gaming Mouse RGB,Office Supplies,520,Electronics,Accessories
719,Men's Analog Watch,Office Supplies,93,Fashion,Accessories
720,Mechanical Keyboard,Office Supplies,457,Electronics,Accessories
721,Gaming Mouse RGB,Furniture,350,Electronics,Accessories
722,Gaming Mouse RGB,Electronics,1908,Electronics,Accessories
723,Bluetooth Speaker Portable,Furniture,353,Electronics,Audio
724,Mechanical Keyboard,Electronics,1114,Electronics,Accessories
725,Stainless Steel Water Bottle,Electronics,61,Home & Kitchen,Kitchen
726,Electric Kettle 1.5L,Furniture,1524,Home & Kitchen,Appliances
727,Stainless Steel Water Bottle,Furniture,532,Home & Kitchen,Kitchen
728,Smartphone 128GB,Electronics,13,Electronics,Mobiles
729,Smartphone 128GB,Electronics,710,Electronics,Mobiles
730,Bluetooth Speaker Portable,Electronics,636,Electronics,Audio
731,Digital Alarm Clock,Electronics,369,Home & Kitchen,Home Decor
732,Gaming Mouse RGB,Electronics,1066,Electronics,Accessories
733,Laptop Backpack,Furniture,29,Bags,Backpacks
734,Cotton T-Shirt Pack of 3,Electronics,209,Fashion,Clothing
735,Digital Alarm Clock,Electronics,156,Home & Kitchen,Home Decor
736,Office Chair Ergonomic,Office Supplies,542,Furniture,Office Furniture
737,Stainless Steel Water Bottle,Electronics,1987,Home & Kitchen,Kitchen
738,Smart LED TV 43 inch,Furniture,93,Electronics,TV & Entertainment
739,Laptop Backpack,Furniture,612,Bags,Backpacks
740,Women's Casual Handbag,Furniture,63,Fashion,Bags
741,Wireless Bluetooth Headphones,Furniture,1407,Electronics,Audio
742,Men's Running Shoes,Electronics,1335,Fashion,Footwear
743,Bluetooth Speaker Portable,Electronics,1155,Electronics,Audio
744,Men's Analog Watch,Office Supplies,467,Fashion,Accessories
745,Air Fryer 5L,Furniture,285,Home & Kitchen,Appliances
746,Air Fryer 5L,Electronics,1412,Home & Kitchen,Appliances
747,Yoga Mat Anti-Slip,Office Supplies,1055,Sports & Fitness,Fitness Equipment
748,Cotton T-Shirt Pack of 3,Electronics,1057,Fashion,Clothing
749,Gaming Mouse RGB,Electronics,824,Electronics,Accessories
750,Air Fryer 5L,Office Supplies,1846,Home & Kitchen,Appliances
751,Electric Kettle 1.5L,Office Supplies,334,Home & Kitchen,Appliances
752,Smart LED TV 43 inch,Electronics,1691,Electronics,TV & Entertainment
753,Fitness Smartwatch,Office Supplies,165,Electronics,Wearables
754,Portable Power Bank 20000mAh,Office Supplies,788,Electronics,Accessories
755,Electric Kettle 1.5L,Electronics,1778,Home & Kitchen,Appliances
756,Yoga Mat Anti-Slip,Electronics,1436,Sports & Fitness,Fitness Equipment
757,Cotton T-Shirt Pack of 3,Furniture,643,Fashion,Clothing
758,Electric Kettle 1.5L,Office Supplies,847,Home & Kitchen,Appliances
759,Gaming Mouse RGB,Furniture,140,Electronics,Accessories
760,Laptop Backpack,Furniture,153,Bags,Backpacks
761,Smart LED TV 43 inch,Electronics,1166,Electronics,TV & Entertainment
762,Women's Casual Handbag,Furniture,546,Fashion,Bags
763,Men's Running Shoes,Office Supplies,184,Fashion,Footwear
764,Men's Running Shoes,Furniture,1127,Fashion,Footwear
765,Electric Kettle 1.5L,Electronics,598,Home & Kitchen,Appliances
766,Noise Cancelling Earbuds,Office Supplies,1046,Electronics,Audio
767,Air Fryer 5L,Office Supplies,1614,Home & Kitchen,Appliances
768,Bluetooth Speaker Portable,Office Supplies,890,Electronics,Audio
769,Men's Analog Watch,Furniture,1232,Fashion,Accessories
770,Smartphone 128GB,Office Supplies,441,Electronics,Mobiles
771,Men's Running Shoes,Furniture,214,Fashion,Footwear
772,Stainless Steel Water Bottle,Electronics,1454,Home & Kitchen,Kitchen
773,Office Chair Ergonomic,Electronics,399,Furniture,Office Furniture
774,Smart LED TV 43 inch,Electronics,1355,Electronics,TV & Entertainment
775,Digital Alarm Clock,Electronics,1795,Home & Kitchen,Home Decor
776,Men's Running Shoes,Electronics,24,Fashion,Footwear
777,Gaming Mouse RGB,Electronics,782,Electronics,Accessories
778,Mechanical Keyboard,Electronics,1717,Electronics,Accessories
779,Smart LED TV 43 inch,Office Supplies,965,Electronics,TV & Entertainment
780,Fitness Smartwatch,Electronics,634,Electronics,Wearables
781,Yoga Mat Anti-Slip,Electronics,456,Sports & Fitness,Fitness Equipment
782,Cotton T-Shirt Pack of 3,Furniture,973,Fashion,Clothing
783,Laptop Backpack,Electronics,60,Bags,Backpacks
784,Men's Analog Watch,Electronics,1772,Fashion,Accessories
785,Men's Analog Watch,Furniture,27,Fashion,Accessories
786,Laptop Backpack,Electronics,1833,Bags,Backpacks
787,Gaming Mouse RGB,Electronics,1670,Electronics,Accessories
788,Gaming Mouse RGB,Electronics,1936,Electronics,Accessories
789,Stainless Steel Water Bottle,Furniture,733,Home & Kitchen,Kitchen
790,Laptop Backpack,Office Supplies,63,Bags,Backpacks
791,Yoga Mat Anti-Slip,Office Supplies,333,Sports & Fitness,Fitness Equipment
792,Bluetooth Speaker Portable,Office Supplies,1683,Electronics,Audio
793,Digital Alarm Clock,Office Supplies,916,Home & Kitchen,Home Decor
794,Wireless Bluetooth Headphones,Electronics,716,Electronics,Audio
795,Women's Casual Handbag,Electronics,696,Fashion,Bags
796,Women's Casual Handbag,Furniture,693,Fashion,Bags
797,Smart LED TV 43 inch,Electronics,413,Electronics,TV & Entertainment
798,Gaming Mouse RGB,Furniture,263,Electronics,Accessories
799,Wireless Bluetooth Headphones,Electronics,473,Electronics,Audio
800,Men's Running Shoes,Electronics,1751,Fashion,Footwear
801,Digital Alarm Clock,Electronics,1124,Home & Kitchen,Home Decor
802,Office Chair Ergonomic,Electronics,975,Furniture,Office Furniture
803,Gaming Mouse RGB,Furniture,970,Electronics,Accessories
804,Office Chair Ergonomic,Furniture,1941,Furniture,Office Furniture
805,Mechanical Keyboard,Office Supplies,1259,Electronics,Accessories
806,Electric Kettle 1.5L,Furniture,1529,Home & Kitchen,Appliances
807,Laptop Backpack,Electronics,1726,Bags,Backpacks
808,Wireless Bluetooth Headphones,Electronics,1029,Electronics,Audio
809,Mechanical Keyboard,Office Supplies,347,Electronics,Accessories
810,Men's Running Shoes,Office Supplies,540,Fashion,Footwear
811,Digital Alarm Clock,Electronics,1211,Home & Kitchen,Home Decor
812,Smartphone 128GB,Furniture,1355,Electronics,Mobiles
813,Air Fryer 5L,Office Supplies,1526,Home & Kitchen,Appliances
814,Fitness Smartwatch,Electronics,1520,Electronics,Wearables
815,Gaming Mouse RGB,Electronics,1212,Electronics,Accessories
816,Mechanical Keyboard,Electronics,110,Electronics,Accessories
817,Cotton T-Shirt Pack of 3,Electronics,1843,Fashion,Clothing
818,Smartphone 128GB,Electronics,316,Electronics,Mobiles
819,Men's Running Shoes,Furniture,1779,Fashion,Footwear
820,Smart LED TV 43 inch,Office Supplies,1395,Electronics,TV & Entertainment
821,Fitness Smartwatch,Electronics,1052,Electronics,Wearables
822,Electric Kettle 1.5L,Office Supplies,1221,Home & Kitchen,Appliances
823,Women's Casual Handbag,Electronics,85,Fashion,Bags
824,Cotton T-Shirt Pack of 3,Office Supplies,1253,Fashion,Clothing
825,Stainless Steel Water Bottle,Furniture,551,Home & Kitchen,Kitchen
826,Gaming Mouse RGB,Electronics,749,Electronics,Accessories
827,Cotton T-Shirt Pack of 3,Office Supplies,1255,Fashion,Clothing
828,Digital Alarm Clock,Office Supplies,1595,Home & Kitchen,Home Decor
829,Bluetooth Speaker Portable,Office Supplies,1957,Electronics,Audio
830,Electric Kettle 1.5L,Electronics,1329,Home & Kitchen,Appliances
831,Digital Alarm Clock,Office Supplies,1862,Home & Kitchen,Home Decor
832,Men's Running Shoes,Furniture,792,Fashion,Footwear
833,Wireless Bluetooth Headphones,Furniture,1646,Electronics,Audio
834,Stainless Steel Water Bottle,Electronics,249,Home & Kitchen,Kitchen
835,Men's Analog Watch,Furniture,577,Fashion,Accessories
836,Noise Cancelling Earbuds,Electronics,1726,Electronics,Audio
837,Digital Alarm Clock,Electronics,650,Home & Kitchen,Home Decor
838,Yoga Mat Anti-Slip,Electronics,960,Sports & Fitness,Fitness Equipment
839,Air Fryer 5L,Electronics,132,Home & Kitchen,Appliances
840,Mechanical Keyboard,Electronics,1828,Electronics,Accessories
841,Women's Casual Handbag,Office Supplies,1773,Fashion,Bags
842,Portable Power Bank 20000mAh,Furniture,1206,Electronics,Accessories
843,Air Fryer 5L,Furniture,108,Home & Kitchen,Appliances
844,Office Chair Ergonomic,Furniture,1472,Furniture,Office Furniture
845,Laptop Backpack,Office Supplies,1807,Bags,Backpacks
846,Laptop Backpack,Electronics,1946,Bags,Backpacks
847,Fitness Smartwatch,Furniture,635,Electronics,Wearables
848,Men's Analog Watch,Electronics,1363,Fashion,Accessories
849,Stainless Steel Water Bottle,Electronics,576,Home & Kitchen,Kitchen
850,Gaming Mouse RGB,Electronics,840,Electronics,Accessories
851,Women's Casual Handbag,Electronics,1149,Fashion,Bags
852,Gaming Mouse RGB,Electronics,1723,Electronics,Accessories
853,Office Chair Ergonomic,Office Supplies,631,Furniture,Office Furniture
854,Men's Running Shoes,Furniture,1689,Fashion,Footwear
855,Stainless Steel Water Bottle,Electronics,1271,Home & Kitchen,Kitchen
856,Bluetooth Speaker Portable,Office Supplies,1248,Electronics,Audio
857,Bluetooth Speaker Portable,Office Supplies,1378,Electronics,Audio
858,Smartphone 128GB,Electronics,83,Electronics,Mobiles
859,Stainless Steel Water Bottle,Electronics,915,Home & Kitchen,Kitchen
860,Digital Alarm Clock,Electronics,1784,Home & Kitchen,Home Decor
861,Women's Casual Handbag,Electronics,606,Fashion,Bags
862,Wireless Bluetooth Headphones,Furniture,398,Electronics,Audio
863,Air Fryer 5L,Furniture,300,Home & Kitchen,Appliances
864,Wireless Bluetooth Headphones,Electronics,1888,Electronics,Audio
865,Stainless Steel Water Bottle,Electronics,1721,Home & Kitchen,Kitchen
866,Men's Running Shoes,Electronics,1612,Fashion,Footwear
867,Office Chair Ergonomic,Electronics,1903,Furniture,Office Furniture
868,Bluetooth Speaker Portable,Office Supplies,1041,Electronics,Audio
869,Portable Power Bank 20000mAh,Furniture,679,Electronics,Accessories
870,Cotton T-Shirt Pack of 3,Electronics,809,Fashion,Clothing
871,Yoga Mat Anti-Slip,Electronics,1805,Sports & Fitness,Fitness Equipment
872,Smart LED TV 43 inch,Electronics,1074,Electronics,TV & Entertainment
873,Noise Cancelling Earbuds,Furniture,1010,Electronics,Audio
874,Smartphone 128GB,Furniture,1292,Electronics,Mobiles
875,Laptop Backpack,Office Supplies,506,Bags,Backpacks
876,Cotton T-Shirt Pack of 3,Electronics,1850,Fashion,Clothing
877,Bluetooth Speaker Portable,Furniture,1802,Electronics,Audio
878,Men's Analog Watch,Furniture,761,Fashion,Accessories
879,Electric Kettle 1.5L,Furniture,140,Home & Kitchen,Appliances
880,Laptop Backpack,Electronics,1260,Bags,Backpacks
881,Yoga Mat Anti-Slip,Electronics,250,Sports & Fitness,Fitness Equipment
882,Cotton T-Shirt Pack of 3,Office Supplies,659,Fashion,Clothing
883,Smartphone 128GB,Electronics,920,Electronics,Mobiles
884,Noise Cancelling Earbuds,Electronics,67,Electronics,Audio
885,Laptop Backpack,Electronics,718,Bags,Backpacks
886,Digital Alarm Clock,Electronics,804,Home & Kitchen,Home Decor
887,Bluetooth Speaker Portable,Electronics,835,Electronics,Audio
888,Wireless Bluetooth Headphones,Office Supplies,478,Electronics,Audio
889,Women's Casual Handbag,Electronics,1832,Fashion,Bags
890,Women's Casual Handbag,Office Supplies,566,Fashion,Bags
891,Smartphone 128GB,Office Supplies,1832,Electronics,Mobiles
892,Women's Casual Handbag,Furniture,425,Fashion,Bags
893,Cotton T-Shirt Pack of 3,Furniture,644,Fashion,Clothing
894,Office Chair Ergonomic,Electronics,429,Furniture,Office Furniture
895,Bluetooth Speaker Portable,Furniture,1693,Electronics,Audio
896,Laptop Backpack,Office Supplies,818,Bags,Backpacks
897,Wireless Bluetooth Headphones,Electronics,1995,Electronics,Audio
898,Smartphone 128GB,Electronics,1546,Electronics,Mobiles
899,Men's Analog Watch,Electronics,1444,Fashion,Accessories
900,Yoga Mat Anti-Slip,Office Supplies,1733,Sports & Fitness,Fitness Equipment
901,Laptop Backpack,Furniture,264,Bags,Backpacks
902,Digital Alarm Clock,Office Supplies,1702,Home & Kitchen,Home Decor
903,Cotton T-Shirt Pack of 3,Furniture,447,Fashion,Clothing
904,Electric Kettle 1.5L,Furniture,1710,Home & Kitchen,Appliances
905,Digital Alarm Clock,Office Supplies,1906,Home & Kitchen,Home Decor
906,Men's Running Shoes,Electronics,721,Fashion,Footwear
907,Stainless Steel Water Bottle,Office Supplies,420,Home & Kitchen,Kitchen
908,Smart LED TV 43 inch,Office Supplies,1726,Electronics,TV & Entertainment
909,Office Chair Ergonomic,Office Supplies,1901,Furniture,Office Furniture
910,Office Chair Ergonomic,Office Supplies,1381,Furniture,Office Furniture
911,Yoga Mat Anti-Slip,Electronics,1112,Sports & Fitness,Fitness Equipment
912,Men's Analog Watch,Electronics,1344,Fashion,Accessories
913,Digital Alarm Clock,Electronics,1048,Home & Kitchen,Home Decor
914,Yoga Mat Anti-Slip,Electronics,1739,Sports & Fitness,Fitness Equipment
915,Gaming Mouse RGB,Electronics,801,Electronics,Accessories
916,Fitness Smartwatch,Office Supplies,589,Electronics,Wearables
917,Wireless Bluetooth Headphones,Electronics,245,Electronics,Audio
918,Women's Casual Handbag,Electronics,585,Fashion,Bags
919,Fitness Smartwatch,Office Supplies,1839,Electronics,Wearables
920,Mechanical Keyboard,Office Supplies,970,Electronics,Accessories
921,Bluetooth Speaker Portable,Electronics,1660,Electronics,Audio
922,Laptop Backpack,Office Supplies,1487,Bags,Backpacks
923,Fitness Smartwatch,Electronics,576,Electronics,Wearables
924,Stainless Steel Water Bottle,Office Supplies,59,Home & Kitchen,Kitchen
925,Yoga Mat Anti-Slip,Electronics,1972,Sports & Fitness,Fitness Equipment
926,Electric Kettle 1.5L,Office Supplies,777,Home & Kitchen,Appliances
927,Smart LED TV 43 inch,Electronics,670,Electronics,TV & Entertainment
928,Cotton T-Shirt Pack of 3,Electronics,88,Fashion,Clothing
929,Men's Running Shoes,Electronics,467,Fashion,Footwear
930,Laptop Backpack,Electronics,1976,Bags,Backpacks
931,Office Chair Ergonomic,Furniture,1463,Furniture,Office Furniture
932,Smart LED TV 43 inch,Furniture,1451,Electronics,TV & Entertainment
933,Office Chair Ergonomic,Furniture,1115,Furniture,Office Furniture
934,Cotton T-Shirt Pack of 3,Office Supplies,677,Fashion,Clothing
935,Smartphone 128GB,Electronics,484,Electronics,Mobiles
936,Wireless Bluetooth Headphones,Office Supplies,414,Electronics,Audio
937,Smart LED TV 43 inch,Electronics,1511,Electronics,TV & Entertainment
938,Men's Running Shoes,Furniture,733,Fashion,Footwear
939,Digital Alarm Clock,Electronics,1332,Home & Kitchen,Home Decor
940,Office Chair Ergonomic,Furniture,1926,Furniture,Office Furniture
941,Cotton T-Shirt Pack of 3,Office Supplies,91,Fashion,Clothing
942,Mechanical Keyboard,Electronics,1090,Electronics,Accessories
943,Digital Alarm Clock,Electronics,678,Home & Kitchen,Home Decor
944,Portable Power Bank 20000mAh,Office Supplies,565,Electronics,Accessories
945,Cotton T-Shirt Pack of 3,Electronics,1735,Fashion,Clothing
946,Electric Kettle 1.5L,Furniture,937,Home & Kitchen,Appliances
947,Stainless Steel Water Bottle,Furniture,1485,Home & Kitchen,Kitchen
948,Portable Power Bank 20000mAh,Electronics,732,Electronics,Accessories
949,Smart LED TV 43 inch,Electronics,930,Electronics,TV & Entertainment
950,Men's Analog Watch,Electronics,80,Fashion,Accessories
951,Office Chair Ergonomic,Electronics,852,Furniture,Office Furniture
952,Digital Alarm Clock,Office Supplies,1844,Home & Kitchen,Home Decor
953,Men's Analog Watch,Office Supplies,761,Fashion,Accessories
954,Laptop Backpack,Furniture,912,Bags,Backpacks
955,Smart LED TV 43 inch,Electronics,70,Electronics,TV & Entertainment
956,Yoga Mat Anti-Slip,Electronics,293,Sports & Fitness,Fitness Equipment
957,Air Fryer 5L,Electronics,1560,Home & Kitchen,Appliances
958,Men's Analog Watch,Electronics,1816,Fashion,Accessories
959,Stainless Steel Water Bottle,Furniture,1827,Home & Kitchen,Kitchen
960,Gaming Mouse RGB,Office Supplies,966,Electronics,Accessories
961,Yoga Mat Anti-Slip,Furniture,1952,Sports & Fitness,Fitness Equipment
962,Electric Kettle 1.5L,Electronics,1326,Home & Kitchen,Appliances
963,Women's Casual Handbag,Office Supplies,968,Fashion,Bags
964,Bluetooth Speaker Portable,Electronics,652,Electronics,Audio
965,Portable Power Bank 20000mAh,Furniture,1273,Electronics,Accessories
966,Digital Alarm Clock,Electronics,1344,Home & Kitchen,Home Decor
967,Laptop Backpack,Office Supplies,1539,Bags,Backpacks
968,Gaming Mouse RGB,Electronics,1723,Electronics,Accessories
969,Noise Cancelling Earbuds,Furniture,1552,Electronics,Audio
970,Women's Casual Handbag,Furniture,54,Fashion,Bags
971,Electric Kettle 1.5L,Electronics,33,Home & Kitchen,Appliances
972,Portable Power Bank 20000mAh,Electronics,1198,Electronics,Accessories
973,Noise Cancelling Earbuds,Office Supplies,1722,Electronics,Audio
974,Stainless Steel Water Bottle,Electronics,1333,Home & Kitchen,Kitchen
975,Noise Cancelling Earbuds,Furniture,723,Electronics,Audio
976,Portable Power Bank 20000mAh,Electronics,1642,Electronics,Accessories
977,Digital Alarm Clock,Office Supplies,1656,Home & Kitchen,Home Decor
978,Gaming Mouse RGB,Electronics,1578,Electronics,Accessories
979,Digital Alarm Clock,Office Supplies,1818,Home & Kitchen,Home Decor
980,Men's Analog Watch,Furniture,165,Fashion,Accessories
981,Digital Alarm Clock,Electronics,1029,Home & Kitchen,Home Decor
982,Digital Alarm Clock,Electronics,749,Home & Kitchen,Home Decor
983,Wireless Bluetooth Headphones,Electronics,1575,Electronics,Audio
984,Laptop Backpack,Electronics,705,Bags,Backpacks
985,Gaming Mouse RGB,Office Supplies,31,Electronics,Accessories
986,Women's Casual Handbag,Furniture,232,Fashion,Bags
987,Men's Running Shoes,Furniture,1854,Fashion,Footwear
988,Men's Running Shoes,Office Supplies,1014,Fashion,Footwear
989,Air Fryer 5L,Office Supplies,887,Home & Kitchen,Appliances
990,Wireless Bluetooth Headphones,Electronics,534,Electronics,Audio
991,Gaming Mouse RGB,Office Supplies,1793,Electronics,Accessories
992,Digital Alarm Clock,Electronics,1707,Home & Kitchen,Home Decor
993,Bluetooth Speaker Portable,Office Supplies,1912,Electronics,Audio
994,Portable Power Bank 20000mAh,Electronics,1436,Electronics,Accessories
995,Air Fryer 5L,Electronics,1093,Home & Kitchen,Appliances
996,Wireless Bluetooth Headphones,Electronics,391,Electronics,Audio
997,Cotton T-Shirt Pack of 3,Office Supplies,1280,Fashion,Clothing
998,Smartphone 128GB,Electronics,228,Electronics,Mobiles
999,Digital Alarm Clock,Office Supplies,1516,Home & Kitchen,Home Decor
1000,Yoga Mat Anti-Slip,Electronics,1224,Sports & Fitness,Fitness Equipment
